Logging Type,Num Attackers,FP Rate,Total Attack Packet,Successful Attack Packet,Average Path Length
COMPREHENSIVE,100,1.00E-04,1000000,0,4.14
COMPREHENSIVE,100,1.00E-04,1000000,0,4.14
COMPREHENSIVE,100,1.00E-04,1000000,0,3.74
COMPREHENSIVE,100,1.00E-04,1000000,0,4.28
COMPREHENSIVE,100,1.00E-04,1000000,0,3.68
COMPREHENSIVE,100,1.00E-04,2000000,0,3.62
COMPREHENSIVE,100,1.00E-04,2000000,0,4.15
COMPREHENSIVE,100,1.00E-04,2000000,0,3.31
COMPREHENSIVE,100,1.00E-04,2000000,0,3.81
COMPREHENSIVE,100,1.00E-04,2000000,0,3.48
COMPREHENSIVE,100,1.00E-04,3000000,0,4.83
COMPREHENSIVE,100,1.00E-04,3000000,0,4.06
COMPREHENSIVE,100,1.00E-04,3000000,0,4.01
COMPREHENSIVE,100,1.00E-04,3000000,0,3.88
COMPREHENSIVE,100,1.00E-04,3000000,0,3.94
COMPREHENSIVE,500,1.00E-04,1000000,0,3.174
COMPREHENSIVE,500,1.00E-04,1000000,0,3.774
COMPREHENSIVE,500,1.00E-04,1000000,0,3.778
COMPREHENSIVE,500,1.00E-04,1000000,0,3.74
COMPREHENSIVE,500,1.00E-04,1000000,0,4.074
COMPREHENSIVE,500,1.00E-04,2000000,0,3.85
COMPREHENSIVE,500,1.00E-04,2000000,0,3.32
COMPREHENSIVE,500,1.00E-04,2000000,0,3.326
COMPREHENSIVE,500,1.00E-04,2000000,0,3.806
COMPREHENSIVE,500,1.00E-04,2000000,0,3.82
COMPREHENSIVE,500,1.00E-04,3000000,0,3.782
COMPREHENSIVE,500,1.00E-04,3000000,0,4.004
COMPREHENSIVE,500,1.00E-04,3000000,0,3.81
COMPREHENSIVE,500,1.00E-04,3000000,0,4.27
COMPREHENSIVE,500,1.00E-04,3000000,0,3.802
COMPREHENSIVE,1000,1.00E-04,1000000,0,3.778
COMPREHENSIVE,1000,1.00E-04,1000000,0,3.77
COMPREHENSIVE,1000,1.00E-04,1000000,0,3.207
COMPREHENSIVE,1000,1.00E-04,1000000,0,3.817
COMPREHENSIVE,1000,1.00E-04,1000000,0,4.179
COMPREHENSIVE,1000,1.00E-04,2000000,0,3.793
COMPREHENSIVE,1000,1.00E-04,2000000,0,3.138
COMPREHENSIVE,1000,1.00E-04,2000000,0,3.336
COMPREHENSIVE,1000,1.00E-04,2000000,0,3.923
COMPREHENSIVE,1000,1.00E-04,2000000,0,3.832
COMPREHENSIVE,1000,1.00E-04,3000000,0,3.831
COMPREHENSIVE,1000,1.00E-04,3000000,0,3.896
COMPREHENSIVE,1000,1.00E-04,3000000,0,4.223
COMPREHENSIVE,1000,1.00E-04,3000000,0,3.539
COMPREHENSIVE,1000,1.00E-04,3000000,0,3.843
COMPREHENSIVE,1500,1.00E-04,1000000,0,3.98
COMPREHENSIVE,1500,1.00E-04,1000000,0,4.007333333
COMPREHENSIVE,1500,1.00E-04,1000000,0,3.821333333
COMPREHENSIVE,1500,1.00E-04,1000000,0,3.799333333
COMPREHENSIVE,1500,1.00E-04,1000000,0,3.770666667
COMPREHENSIVE,1500,1.00E-04,2000000,0,3.45
COMPREHENSIVE,1500,1.00E-04,2000000,0,4.102666667
COMPREHENSIVE,1500,1.00E-04,2000000,0,3.110666667
COMPREHENSIVE,1500,1.00E-04,2000000,0,3.244666667
COMPREHENSIVE,1500,1.00E-04,2000000,0,3.806
COMPREHENSIVE,1500,1.00E-04,3000000,0,3.780666667
COMPREHENSIVE,1500,1.00E-04,3000000,0,3.801333333
COMPREHENSIVE,1500,1.00E-04,3000000,0,3.809333333
COMPREHENSIVE,1500,1.00E-04,3000000,0,4.164666667
COMPREHENSIVE,1500,1.00E-04,3000000,0,3.808666667
COMPREHENSIVE,2000,1.00E-04,1000000,0,5.412
COMPREHENSIVE,2000,1.00E-04,1000000,0,3.7985
COMPREHENSIVE,2000,1.00E-04,1000000,0,3.219
COMPREHENSIVE,2000,1.00E-04,1000000,0,3.0205
COMPREHENSIVE,2000,1.00E-04,1000000,0,4.2095
COMPREHENSIVE,2000,1.00E-04,2000000,0,4.1765
COMPREHENSIVE,2000,1.00E-04,2000000,0,3.812
COMPREHENSIVE,2000,1.00E-04,2000000,0,3.3775
COMPREHENSIVE,2000,1.00E-04,2000000,0,3.106
COMPREHENSIVE,2000,1.00E-04,2000000,0,3.8345
COMPREHENSIVE,2000,1.00E-04,3000000,0,3.205
COMPREHENSIVE,2000,1.00E-04,3000000,0,4.334
COMPREHENSIVE,2000,1.00E-04,3000000,0,3.808
COMPREHENSIVE,2000,1.00E-04,3000000,0,3.8055
COMPREHENSIVE,2000,1.00E-04,3000000,0,3.807
COMPREHENSIVE,100,0.001,1000000,0,3.27
COMPREHENSIVE,100,0.001,1000000,0,4.04
COMPREHENSIVE,100,0.001,1000000,0,3.54
COMPREHENSIVE,100,0.001,1000000,0,3.5
COMPREHENSIVE,100,0.001,1000000,0,3.34
COMPREHENSIVE,100,0.001,2000000,0,3.21
COMPREHENSIVE,100,0.001,2000000,0,3.74
COMPREHENSIVE,100,0.001,2000000,0,3.4
COMPREHENSIVE,100,0.001,2000000,0,3.86
COMPREHENSIVE,100,0.001,2000000,0,3.81
COMPREHENSIVE,100,0.001,3000000,0,3.79
COMPREHENSIVE,100,0.001,3000000,0,4.29
COMPREHENSIVE,100,0.001,3000000,0,3.27
COMPREHENSIVE,100,0.001,3000000,0,3.99
COMPREHENSIVE,100,0.001,3000000,0,4.2
COMPREHENSIVE,500,0.001,1000000,0,3.76
COMPREHENSIVE,500,0.001,1000000,0,3.886
COMPREHENSIVE,500,0.001,1000000,0,3.772
COMPREHENSIVE,500,0.001,1000000,0,3.424
COMPREHENSIVE,500,0.001,1000000,0,3.412
COMPREHENSIVE,500,0.001,2000000,0,3.798
COMPREHENSIVE,500,0.001,2000000,0,4.198
COMPREHENSIVE,500,0.001,2000000,0,5.218
COMPREHENSIVE,500,0.001,2000000,0,3.426
COMPREHENSIVE,500,0.001,2000000,0,3.834
COMPREHENSIVE,500,0.001,3000000,0,3.822
COMPREHENSIVE,500,0.001,3000000,0,4.2
COMPREHENSIVE,500,0.001,3000000,0,4.158
COMPREHENSIVE,500,0.001,3000000,0,4.39
COMPREHENSIVE,500,0.001,3000000,0,3.754
COMPREHENSIVE,1000,0.001,1000000,0,3.788
COMPREHENSIVE,1000,0.001,1000000,0,3.793
COMPREHENSIVE,1000,0.001,1000000,0,3.146
COMPREHENSIVE,1000,0.001,1000000,0,3.804
COMPREHENSIVE,1000,0.001,1000000,0,3.156
COMPREHENSIVE,1000,0.001,2000000,0,4.181
COMPREHENSIVE,1000,0.001,2000000,0,3.76
COMPREHENSIVE,1000,0.001,2000000,0,3.779
COMPREHENSIVE,1000,0.001,2000000,0,3.809
COMPREHENSIVE,1000,0.001,2000000,0,3.803
COMPREHENSIVE,1000,0.001,3000000,0,4.003
COMPREHENSIVE,1000,0.001,3000000,0,3.849
COMPREHENSIVE,1000,0.001,3000000,0,3.816
COMPREHENSIVE,1000,0.001,3000000,0,3.811
COMPREHENSIVE,1000,0.001,3000000,0,3.78
COMPREHENSIVE,1500,0.001,1000000,0,3.816666667
COMPREHENSIVE,1500,0.001,1000000,0,3.947333333
COMPREHENSIVE,1500,0.001,1000000,0,4.033333333
COMPREHENSIVE,1500,0.001,1000000,0,3.935333333
COMPREHENSIVE,1500,0.001,1000000,0,4.190666667
COMPREHENSIVE,1500,0.001,2000000,0,3.822
COMPREHENSIVE,1500,0.001,2000000,0,4.018666667
COMPREHENSIVE,1500,0.001,2000000,0,4.155333333
COMPREHENSIVE,1500,0.001,2000000,0,3.965333333
COMPREHENSIVE,1500,0.001,2000000,0,3.776
COMPREHENSIVE,1500,0.001,3000000,0,3.180666667
COMPREHENSIVE,1500,0.001,3000000,0,3.944666667
COMPREHENSIVE,1500,0.001,3000000,0,3.802666667
COMPREHENSIVE,1500,0.001,3000000,0,3.891333333
COMPREHENSIVE,1500,0.001,3000000,0,3.883333333
COMPREHENSIVE,2000,0.001,1000000,0,5.8325
COMPREHENSIVE,2000,0.001,1000000,0,3.9975
COMPREHENSIVE,2000,0.001,1000000,0,3.791
COMPREHENSIVE,2000,0.001,1000000,1,3.534
COMPREHENSIVE,2000,0.001,1000000,0,3.9485
COMPREHENSIVE,2000,0.001,2000000,0,4.069
COMPREHENSIVE,2000,0.001,2000000,0,3.8085
COMPREHENSIVE,2000,0.001,2000000,0,4.0115
COMPREHENSIVE,2000,0.001,2000000,0,3.752
COMPREHENSIVE,2000,0.001,2000000,0,3.3585
COMPREHENSIVE,2000,0.001,3000000,0,3.4785
COMPREHENSIVE,2000,0.001,3000000,0,3.8045
COMPREHENSIVE,2000,0.001,3000000,0,4.0415
COMPREHENSIVE,2000,0.001,3000000,0,4.0775
COMPREHENSIVE,2000,0.001,3000000,0,3.799
COMPREHENSIVE,100,0.01,1000000,1,3.8
COMPREHENSIVE,100,0.01,1000000,1,4.13
COMPREHENSIVE,100,0.01,1000000,0,3.79
COMPREHENSIVE,100,0.01,1000000,0,3.8
COMPREHENSIVE,100,0.01,1000000,3,3.78
COMPREHENSIVE,100,0.01,2000000,14,3.08
COMPREHENSIVE,100,0.01,2000000,2,3.79
COMPREHENSIVE,100,0.01,2000000,0,4.12
COMPREHENSIVE,100,0.01,2000000,6,4.15
COMPREHENSIVE,100,0.01,2000000,0,3.81
COMPREHENSIVE,100,0.01,3000000,1,3.75
COMPREHENSIVE,100,0.01,3000000,3,3.89
COMPREHENSIVE,100,0.01,3000000,0,4.21
COMPREHENSIVE,100,0.01,3000000,1,3.29
COMPREHENSIVE,100,0.01,3000000,1,3.82
COMPREHENSIVE,500,0.01,1000000,0,4.888
COMPREHENSIVE,500,0.01,1000000,1,3.776
COMPREHENSIVE,500,0.01,1000000,0,4.212
COMPREHENSIVE,500,0.01,1000000,2,3.784
COMPREHENSIVE,500,0.01,1000000,2,3.644
COMPREHENSIVE,500,0.01,2000000,7,3.854
COMPREHENSIVE,500,0.01,2000000,0,3.784
COMPREHENSIVE,500,0.01,2000000,0,3.824
COMPREHENSIVE,500,0.01,2000000,0,3.816
COMPREHENSIVE,500,0.01,2000000,0,4.442
COMPREHENSIVE,500,0.01,3000000,0,3.89
COMPREHENSIVE,500,0.01,3000000,0,3.852
COMPREHENSIVE,500,0.01,3000000,6,3.352
COMPREHENSIVE,500,0.01,3000000,0,4.194
COMPREHENSIVE,500,0.01,3000000,25,3.594
COMPREHENSIVE,1000,0.01,1000000,4,3.822
COMPREHENSIVE,1000,0.01,1000000,1,3.83
COMPREHENSIVE,1000,0.01,1000000,44,3.098
COMPREHENSIVE,1000,0.01,1000000,3,3.828
COMPREHENSIVE,1000,0.01,1000000,2,3.787
COMPREHENSIVE,1000,0.01,2000000,0,4.002
COMPREHENSIVE,1000,0.01,2000000,1,3.792
COMPREHENSIVE,1000,0.01,2000000,0,4.185
COMPREHENSIVE,1000,0.01,2000000,1,3.809
COMPREHENSIVE,1000,0.01,2000000,1,3.793
COMPREHENSIVE,1000,0.01,3000000,29,3.195
COMPREHENSIVE,1000,0.01,3000000,17,3.604
COMPREHENSIVE,1000,0.01,3000000,5,3.772
COMPREHENSIVE,1000,0.01,3000000,22,3.18
COMPREHENSIVE,1000,0.01,3000000,3,3.778
COMPREHENSIVE,1500,0.01,1000000,0,3.791333333
COMPREHENSIVE,1500,0.01,1000000,1,3.853333333
COMPREHENSIVE,1500,0.01,1000000,0,3.804
COMPREHENSIVE,1500,0.01,1000000,2,3.798
COMPREHENSIVE,1500,0.01,1000000,0,4.185333333
COMPREHENSIVE,1500,0.01,2000000,1,3.828666667
COMPREHENSIVE,1500,0.01,2000000,1,3.79
COMPREHENSIVE,1500,0.01,2000000,0,4.202
COMPREHENSIVE,1500,0.01,2000000,0,3.791333333
COMPREHENSIVE,1500,0.01,2000000,0,3.879333333
COMPREHENSIVE,1500,0.01,3000000,0,4.194
COMPREHENSIVE,1500,0.01,3000000,2,3.792
COMPREHENSIVE,1500,0.01,3000000,5,3.784666667
COMPREHENSIVE,1500,0.01,3000000,0,4.301333333
COMPREHENSIVE,1500,0.01,3000000,2,3.736666667
COMPREHENSIVE,2000,0.01,1000000,0,4.1845
COMPREHENSIVE,2000,0.01,1000000,0,4.003
COMPREHENSIVE,2000,0.01,1000000,2,3.424
COMPREHENSIVE,2000,0.01,1000000,3,3.389
COMPREHENSIVE,2000,0.01,1000000,3,3.5055
COMPREHENSIVE,2000,0.01,2000000,2,3.772
COMPREHENSIVE,2000,0.01,2000000,0,5.896
COMPREHENSIVE,2000,0.01,2000000,1,3.6515
COMPREHENSIVE,2000,0.01,2000000,1,3.8675
COMPREHENSIVE,2000,0.01,2000000,1,3.448
COMPREHENSIVE,2000,0.01,3000000,8,3.8385
COMPREHENSIVE,2000,0.01,3000000,4,3.804
COMPREHENSIVE,2000,0.01,3000000,2,3.795
COMPREHENSIVE,2000,0.01,3000000,0,4.1755
COMPREHENSIVE,2000,0.01,3000000,4,3.8175
COMPREHENSIVE,100,0.05,1000000,20,3.89
COMPREHENSIVE,100,0.05,1000000,7,4.24
COMPREHENSIVE,100,0.05,1000000,25,3.89
COMPREHENSIVE,100,0.05,1000000,4,4.03
COMPREHENSIVE,100,0.05,1000000,39,3.8
COMPREHENSIVE,100,0.05,2000000,42,4.95
COMPREHENSIVE,100,0.05,2000000,51,3.94
COMPREHENSIVE,100,0.05,2000000,97,3.81
COMPREHENSIVE,100,0.05,2000000,15,4.06
COMPREHENSIVE,100,0.05,2000000,52,3.88
COMPREHENSIVE,100,0.05,3000000,394,3.39
COMPREHENSIVE,100,0.05,3000000,76,3.9
COMPREHENSIVE,100,0.05,3000000,23,4.15
COMPREHENSIVE,100,0.05,3000000,95,3.83
COMPREHENSIVE,100,0.05,3000000,28,4.18
COMPREHENSIVE,500,0.05,1000000,7,4.176
COMPREHENSIVE,500,0.05,1000000,2,4.194
COMPREHENSIVE,500,0.05,1000000,187,3.124
COMPREHENSIVE,500,0.05,1000000,39,3.818
COMPREHENSIVE,500,0.05,1000000,87,3.414
COMPREHENSIVE,500,0.05,2000000,47,3.958
COMPREHENSIVE,500,0.05,2000000,593,3.124
COMPREHENSIVE,500,0.05,2000000,85,3.836
COMPREHENSIVE,500,0.05,2000000,14,4.14
COMPREHENSIVE,500,0.05,2000000,5,4.368
COMPREHENSIVE,500,0.05,3000000,425,3.266
COMPREHENSIVE,500,0.05,3000000,308,3.492
COMPREHENSIVE,500,0.05,3000000,652,3.222
COMPREHENSIVE,500,0.05,3000000,58,3.816
COMPREHENSIVE,500,0.05,3000000,146,3.776
COMPREHENSIVE,1000,0.05,1000000,41,3.788
COMPREHENSIVE,1000,0.05,1000000,36,3.793
COMPREHENSIVE,1000,0.05,1000000,83,3.344
COMPREHENSIVE,1000,0.05,1000000,2,4.214
COMPREHENSIVE,1000,0.05,1000000,113,3.624
COMPREHENSIVE,1000,0.05,2000000,90,3.761
COMPREHENSIVE,1000,0.05,2000000,16,4.185
COMPREHENSIVE,1000,0.05,2000000,188,3.871
COMPREHENSIVE,1000,0.05,2000000,12,4.188
COMPREHENSIVE,1000,0.05,2000000,75,3.768
COMPREHENSIVE,1000,0.05,3000000,617,3.129
COMPREHENSIVE,1000,0.05,3000000,370,3.444
COMPREHENSIVE,1000,0.05,3000000,244,3.57
COMPREHENSIVE,1000,0.05,3000000,29,4.063
COMPREHENSIVE,1000,0.05,3000000,125,3.819
COMPREHENSIVE,1500,0.05,1000000,36,3.812
COMPREHENSIVE,1500,0.05,1000000,9,4.200666667
COMPREHENSIVE,1500,0.05,1000000,21,3.925333333
COMPREHENSIVE,1500,0.05,1000000,51,3.776
COMPREHENSIVE,1500,0.05,1000000,48,3.552
COMPREHENSIVE,1500,0.05,2000000,77,3.812666667
COMPREHENSIVE,1500,0.05,2000000,16,4.193333333
COMPREHENSIVE,1500,0.05,2000000,75,3.792666667
COMPREHENSIVE,1500,0.05,2000000,74,3.825333333
COMPREHENSIVE,1500,0.05,2000000,7,4.554666667
COMPREHENSIVE,1500,0.05,3000000,22,4.183333333
COMPREHENSIVE,1500,0.05,3000000,40,4.053333333
COMPREHENSIVE,1500,0.05,3000000,45,3.956
COMPREHENSIVE,1500,0.05,3000000,199,3.568666667
COMPREHENSIVE,1500,0.05,3000000,108,3.809333333
COMPREHENSIVE,2000,0.05,1000000,18,3.9685
COMPREHENSIVE,2000,0.05,1000000,7,4.3845
COMPREHENSIVE,2000,0.05,1000000,44,3.7995
COMPREHENSIVE,2000,0.05,1000000,40,3.8165
COMPREHENSIVE,2000,0.05,1000000,39,3.803
COMPREHENSIVE,2000,0.05,2000000,185,3.413
COMPREHENSIVE,2000,0.05,2000000,73,3.819
COMPREHENSIVE,2000,0.05,2000000,91,3.7905
COMPREHENSIVE,2000,0.05,2000000,195,3.465
COMPREHENSIVE,2000,0.05,2000000,230,3.404
COMPREHENSIVE,2000,0.05,3000000,471,3.6035
COMPREHENSIVE,2000,0.05,3000000,6,4.436
COMPREHENSIVE,2000,0.05,3000000,212,3.5205
COMPREHENSIVE,2000,0.05,3000000,8,4.4095
COMPREHENSIVE,2000,0.05,3000000,70,3.9375
EVEN,100,1.00E-04,1000000,7,3.69
EVEN,100,1.00E-04,1000000,40,3.07
EVEN,100,1.00E-04,1000000,8,3.36
EVEN,100,1.00E-04,1000000,3,3.84
EVEN,100,1.00E-04,1000000,0,4.14
EVEN,100,1.00E-04,2000000,8,3.76
EVEN,100,1.00E-04,2000000,21,3.14
EVEN,100,1.00E-04,2000000,1,3.81
EVEN,100,1.00E-04,2000000,2,3.83
EVEN,100,1.00E-04,2000000,25,3.71
EVEN,100,1.00E-04,3000000,0,4.01
EVEN,100,1.00E-04,3000000,0,3.97
EVEN,100,1.00E-04,3000000,0,3.93
EVEN,100,1.00E-04,3000000,0,4.15
EVEN,100,1.00E-04,3000000,0,3.69
EVEN,500,1.00E-04,1000000,10,3.3
EVEN,500,1.00E-04,1000000,0,3.422
EVEN,500,1.00E-04,1000000,0,4.422
EVEN,500,1.00E-04,1000000,0,4.22
EVEN,500,1.00E-04,1000000,0,4.838
EVEN,500,1.00E-04,2000000,3,3.742
EVEN,500,1.00E-04,2000000,5,3.778
EVEN,500,1.00E-04,2000000,2,3.91
EVEN,500,1.00E-04,2000000,2,3.778
EVEN,500,1.00E-04,2000000,1,3.842
EVEN,500,1.00E-04,3000000,0,3.838
EVEN,500,1.00E-04,3000000,7,3.804
EVEN,500,1.00E-04,3000000,2,4.31
EVEN,500,1.00E-04,3000000,1,3.486
EVEN,500,1.00E-04,3000000,0,4.172
EVEN,1000,1.00E-04,1000000,1,3.771
EVEN,1000,1.00E-04,1000000,1,3.781
EVEN,1000,1.00E-04,1000000,0,4.013
EVEN,1000,1.00E-04,1000000,1,3.806
EVEN,1000,1.00E-04,1000000,1,3.821
EVEN,1000,1.00E-04,2000000,1,3.922
EVEN,1000,1.00E-04,2000000,0,4.208
EVEN,1000,1.00E-04,2000000,5,3.456
EVEN,1000,1.00E-04,2000000,1,3.799
EVEN,1000,1.00E-04,2000000,0,4.005
EVEN,1000,1.00E-04,3000000,0,4.001
EVEN,1000,1.00E-04,3000000,1,3.807
EVEN,1000,1.00E-04,3000000,30,3.269
EVEN,1000,1.00E-04,3000000,7,3.814
EVEN,1000,1.00E-04,3000000,0,4.129
EVEN,1500,1.00E-04,1000000,0,4.175333333
EVEN,1500,1.00E-04,1000000,2,3.774666667
EVEN,1500,1.00E-04,1000000,0,4.02
EVEN,1500,1.00E-04,1000000,3,3.808
EVEN,1500,1.00E-04,1000000,1,3.802
EVEN,1500,1.00E-04,2000000,4,3.782666667
EVEN,1500,1.00E-04,2000000,0,4.310666667
EVEN,1500,1.00E-04,2000000,38,3.176666667
EVEN,1500,1.00E-04,2000000,2,3.476666667
EVEN,1500,1.00E-04,2000000,6,3.793333333
EVEN,1500,1.00E-04,3000000,6,3.904666667
EVEN,1500,1.00E-04,3000000,1,4.248666667
EVEN,1500,1.00E-04,3000000,1,3.814666667
EVEN,1500,1.00E-04,3000000,1,3.925333333
EVEN,1500,1.00E-04,3000000,0,4.193333333
EVEN,2000,1.00E-04,1000000,0,4.1895
EVEN,2000,1.00E-04,1000000,3,3.776
EVEN,2000,1.00E-04,1000000,1,3.7865
EVEN,2000,1.00E-04,1000000,0,3.9915
EVEN,2000,1.00E-04,1000000,4,3.8145
EVEN,2000,1.00E-04,2000000,2,3.804
EVEN,2000,1.00E-04,2000000,4,3.964
EVEN,2000,1.00E-04,2000000,34,3.2345
EVEN,2000,1.00E-04,2000000,4,3.8155
EVEN,2000,1.00E-04,2000000,2,3.7915
EVEN,2000,1.00E-04,3000000,0,3.502
EVEN,2000,1.00E-04,3000000,0,4.179
EVEN,2000,1.00E-04,3000000,4,3.812
EVEN,2000,1.00E-04,3000000,9,3.7805
EVEN,2000,1.00E-04,3000000,8,3.7995
EVEN,100,0.001,1000000,0,4.02
EVEN,100,0.001,1000000,0,4.16
EVEN,100,0.001,1000000,1,3.95
EVEN,100,0.001,1000000,0,4.2
EVEN,100,0.001,1000000,33,3.91
EVEN,100,0.001,2000000,1,3.38
EVEN,100,0.001,2000000,2,3.87
EVEN,100,0.001,2000000,2,3.82
EVEN,100,0.001,2000000,181,2.97
EVEN,100,0.001,2000000,5,3.82
EVEN,100,0.001,3000000,2,3.74
EVEN,100,0.001,3000000,4,4.24
EVEN,100,0.001,3000000,28,3.75
EVEN,100,0.001,3000000,326,3.2
EVEN,100,0.001,3000000,4,3.98
EVEN,500,0.001,1000000,6,3.782
EVEN,500,0.001,1000000,7,3.536
EVEN,500,0.001,1000000,4,4.238
EVEN,500,0.001,1000000,3,3.874
EVEN,500,0.001,1000000,3,3.798
EVEN,500,0.001,2000000,4,3.874
EVEN,500,0.001,2000000,6,4.19
EVEN,500,0.001,2000000,21,3.78
EVEN,500,0.001,2000000,2,3.498
EVEN,500,0.001,2000000,15,3.876
EVEN,500,0.001,3000000,5,3.868
EVEN,500,0.001,3000000,6,3.846
EVEN,500,0.001,3000000,211,3.17
EVEN,500,0.001,3000000,1,4.204
EVEN,500,0.001,3000000,20,3.822
EVEN,1000,0.001,1000000,1,4.169
EVEN,1000,0.001,1000000,5,3.793
EVEN,1000,0.001,1000000,4,3.944
EVEN,1000,0.001,1000000,10,3.353
EVEN,1000,0.001,1000000,30,3.36
EVEN,1000,0.001,2000000,9,3.792
EVEN,1000,0.001,2000000,19,3.975
EVEN,1000,0.001,2000000,33,3.802
EVEN,1000,0.001,2000000,41,3.436
EVEN,1000,0.001,2000000,6,3.799
EVEN,1000,0.001,3000000,14,3.804
EVEN,1000,0.001,3000000,7,4.17
EVEN,1000,0.001,3000000,14,3.809
EVEN,1000,0.001,3000000,55,3.685
EVEN,1000,0.001,3000000,21,3.852
EVEN,1500,0.001,1000000,3,3.792
EVEN,1500,0.001,1000000,9,3.785333333
EVEN,1500,0.001,1000000,6,3.783333333
EVEN,1500,0.001,1000000,4,4.212666667
EVEN,1500,0.001,1000000,1,4.146666667
EVEN,1500,0.001,2000000,19,3.766
EVEN,1500,0.001,2000000,11,3.955333333
EVEN,1500,0.001,2000000,9,3.46
EVEN,1500,0.001,2000000,11,3.786666667
EVEN,1500,0.001,2000000,2,3.804
EVEN,1500,0.001,3000000,4,3.808
EVEN,1500,0.001,3000000,24,3.802666667
EVEN,1500,0.001,3000000,18,3.795333333
EVEN,1500,0.001,3000000,7,4.186
EVEN,1500,0.001,3000000,24,3.866
EVEN,2000,0.001,1000000,5,4.236
EVEN,2000,0.001,1000000,2,4.037
EVEN,2000,0.001,1000000,1,3.7935
EVEN,2000,0.001,1000000,5,3.802
EVEN,2000,0.001,1000000,6,3.817
EVEN,2000,0.001,2000000,67,3.56
EVEN,2000,0.001,2000000,19,3.803
EVEN,2000,0.001,2000000,7,3.7785
EVEN,2000,0.001,2000000,12,3.7815
EVEN,2000,0.001,2000000,30,3.761
EVEN,2000,0.001,3000000,23,3.7905
EVEN,2000,0.001,3000000,25,3.7855
EVEN,2000,0.001,3000000,22,3.943
EVEN,2000,0.001,3000000,19,3.802
EVEN,2000,0.001,3000000,4,4.0265
EVEN,100,0.01,1000000,0,7.48
EVEN,100,0.01,1000000,699,3.6
EVEN,100,0.01,1000000,250,3.24
EVEN,100,0.01,1000000,130,3.78
EVEN,100,0.01,1000000,169,3.53
EVEN,100,0.01,2000000,1652,3.31
EVEN,100,0.01,2000000,250,4.15
EVEN,100,0.01,2000000,282,3.75
EVEN,100,0.01,2000000,288,3.81
EVEN,100,0.01,2000000,229,4.12
EVEN,100,0.01,3000000,781,3.74
EVEN,100,0.01,3000000,1619,3.25
EVEN,100,0.01,3000000,2982,3.45
EVEN,100,0.01,3000000,352,4.2
EVEN,100,0.01,3000000,765,3.75
EVEN,500,0.01,1000000,162,3.896
EVEN,500,0.01,1000000,352,3.89
EVEN,500,0.01,1000000,63,4.244
EVEN,500,0.01,1000000,75,4.356
EVEN,500,0.01,1000000,194,3.79
EVEN,500,0.01,2000000,547,3.796
EVEN,500,0.01,2000000,413,3.76
EVEN,500,0.01,2000000,254,4.344
EVEN,500,0.01,2000000,368,3.82
EVEN,500,0.01,2000000,377,3.764
EVEN,500,0.01,3000000,636,3.784
EVEN,500,0.01,3000000,313,3.542
EVEN,500,0.01,3000000,58,4.868
EVEN,500,0.01,3000000,731,3.77
EVEN,500,0.01,3000000,494,3.806
EVEN,1000,0.01,1000000,169,3.788
EVEN,1000,0.01,1000000,486,3.293
EVEN,1000,0.01,1000000,544,3.289
EVEN,1000,0.01,1000000,184,3.773
EVEN,1000,0.01,1000000,688,3.164
EVEN,1000,0.01,2000000,376,3.359
EVEN,1000,0.01,2000000,187,4.182
EVEN,1000,0.01,2000000,428,3.416
EVEN,1000,0.01,2000000,316,4.026
EVEN,1000,0.01,2000000,402,3.83
EVEN,1000,0.01,3000000,444,3.797
EVEN,1000,0.01,3000000,521,3.799
EVEN,1000,0.01,3000000,578,3.804
EVEN,1000,0.01,3000000,544,3.814
EVEN,1000,0.01,3000000,1844,3.314
EVEN,1500,0.01,1000000,217,3.744
EVEN,1500,0.01,1000000,148,3.813333333
EVEN,1500,0.01,1000000,758,3.114
EVEN,1500,0.01,1000000,131,3.932666667
EVEN,1500,0.01,1000000,199,3.779333333
EVEN,1500,0.01,2000000,1018,3.382666667
EVEN,1500,0.01,2000000,382,3.803333333
EVEN,1500,0.01,2000000,411,3.789333333
EVEN,1500,0.01,2000000,1089,3.301333333
EVEN,1500,0.01,2000000,357,3.800666667
EVEN,1500,0.01,3000000,2686,2.998666667
EVEN,1500,0.01,3000000,496,3.939333333
EVEN,1500,0.01,3000000,347,4.132
EVEN,1500,0.01,3000000,514,3.795333333
EVEN,1500,0.01,3000000,594,3.783333333
EVEN,2000,0.01,1000000,173,3.794
EVEN,2000,0.01,1000000,233,3.939
EVEN,2000,0.01,1000000,211,3.8155
EVEN,2000,0.01,1000000,221,3.7765
EVEN,2000,0.01,1000000,85,4.081
EVEN,2000,0.01,2000000,398,3.8075
EVEN,2000,0.01,2000000,938,3.8335
EVEN,2000,0.01,2000000,789,3.4395
EVEN,2000,0.01,2000000,344,3.7965
EVEN,2000,0.01,2000000,329,3.7825
EVEN,2000,0.01,3000000,588,3.782
EVEN,2000,0.01,3000000,512,3.783
EVEN,2000,0.01,3000000,558,3.8085
EVEN,2000,0.01,3000000,541,3.799
EVEN,2000,0.01,3000000,351,4.101
EVEN,100,0.05,1000000,1660,4.3
EVEN,100,0.05,1000000,2508,3.36
EVEN,100,0.05,1000000,2661,3.97
EVEN,100,0.05,1000000,98,6.45
EVEN,100,0.05,1000000,2119,3.84
EVEN,100,0.05,2000000,10441,3.02
EVEN,100,0.05,2000000,5335,3.88
EVEN,100,0.05,2000000,4152,3.89
EVEN,100,0.05,2000000,6911,3.33
EVEN,100,0.05,2000000,4120,3.94
EVEN,100,0.05,3000000,6429,3.75
EVEN,100,0.05,3000000,6796,3.72
EVEN,100,0.05,3000000,7196,3.44
EVEN,100,0.05,3000000,6720,3.98
EVEN,100,0.05,3000000,6702,3.72
EVEN,500,0.05,1000000,2094,3.964
EVEN,500,0.05,1000000,1689,4.1
EVEN,500,0.05,1000000,2263,3.81
EVEN,500,0.05,1000000,3347,3.288
EVEN,500,0.05,1000000,2322,3.812
EVEN,500,0.05,2000000,4686,3.792
EVEN,500,0.05,2000000,4381,3.798
EVEN,500,0.05,2000000,4720,3.802
EVEN,500,0.05,2000000,9785,3.156
EVEN,500,0.05,2000000,5773,3.862
EVEN,500,0.05,3000000,4967,4.094
EVEN,500,0.05,3000000,6473,4.052
EVEN,500,0.05,3000000,10601,3.292
EVEN,500,0.05,3000000,5886,4.238
EVEN,500,0.05,3000000,7211,3.808
EVEN,1000,0.05,1000000,2510,3.85
EVEN,1000,0.05,1000000,2267,3.81
EVEN,1000,0.05,1000000,2246,3.919
EVEN,1000,0.05,1000000,3006,3.337
EVEN,1000,0.05,1000000,3034,3.454
EVEN,1000,0.05,2000000,4109,3.471
EVEN,1000,0.05,2000000,4771,3.797
EVEN,1000,0.05,2000000,4081,4.054
EVEN,1000,0.05,2000000,9499,3.104
EVEN,1000,0.05,2000000,4764,3.788
EVEN,1000,0.05,3000000,556,5.066
EVEN,1000,0.05,3000000,6977,3.798
EVEN,1000,0.05,3000000,7478,3.813
EVEN,1000,0.05,3000000,4816,4.129
EVEN,1000,0.05,3000000,7492,3.786
EVEN,1500,0.05,1000000,2568,3.446
EVEN,1500,0.05,1000000,1898,3.918
EVEN,1500,0.05,1000000,1836,4.158666667
EVEN,1500,0.05,1000000,3731,3.293333333
EVEN,1500,0.05,1000000,1971,3.86
EVEN,1500,0.05,2000000,4983,3.872666667
EVEN,1500,0.05,2000000,3600,4.120666667
EVEN,1500,0.05,2000000,4762,3.81
EVEN,1500,0.05,2000000,4575,3.808666667
EVEN,1500,0.05,2000000,3243,4.284
EVEN,1500,0.05,3000000,7055,3.786
EVEN,1500,0.05,3000000,7699,4.190666667
EVEN,1500,0.05,3000000,6746,3.822666667
EVEN,1500,0.05,3000000,7116,3.792
EVEN,1500,0.05,3000000,6648,3.825333333
EVEN,2000,0.05,1000000,2115,4.0645
EVEN,2000,0.05,1000000,3661,3.183
EVEN,2000,0.05,1000000,1860,4.005
EVEN,2000,0.05,1000000,2299,3.8985
EVEN,2000,0.05,1000000,2480,3.803
EVEN,2000,0.05,2000000,3715,4.1945
EVEN,2000,0.05,2000000,4519,3.8135
EVEN,2000,0.05,2000000,5132,3.9275
EVEN,2000,0.05,2000000,4568,3.8435
EVEN,2000,0.05,2000000,5170,3.7775
EVEN,2000,0.05,3000000,6612,3.831
EVEN,2000,0.05,3000000,7486,3.8045
EVEN,2000,0.05,3000000,7257,3.7855
EVEN,2000,0.05,3000000,6013,4.0305
EVEN,2000,0.05,3000000,7133,3.826
ODD,100,1.00E-04,1000000,68,3.84
ODD,100,1.00E-04,1000000,72,3.87
ODD,100,1.00E-04,1000000,2,4.37
ODD,100,1.00E-04,1000000,84,3.79
ODD,100,1.00E-04,1000000,93,3.78
ODD,100,1.00E-04,2000000,129,3.82
ODD,100,1.00E-04,2000000,155,3.79
ODD,100,1.00E-04,2000000,0,4.17
ODD,100,1.00E-04,2000000,194,3.76
ODD,100,1.00E-04,2000000,376,3.16
ODD,100,1.00E-04,3000000,418,3.51
ODD,100,1.00E-04,3000000,598,3.64
ODD,100,1.00E-04,3000000,222,3.82
ODD,100,1.00E-04,3000000,222,3.8
ODD,100,1.00E-04,3000000,117,3.87
ODD,500,1.00E-04,1000000,84,3.802
ODD,500,1.00E-04,1000000,68,3.776
ODD,500,1.00E-04,1000000,66,3.824
ODD,500,1.00E-04,1000000,250,3.13
ODD,500,1.00E-04,1000000,75,3.822
ODD,500,1.00E-04,2000000,7,4.174
ODD,500,1.00E-04,2000000,55,3.942
ODD,500,1.00E-04,2000000,175,3.774
ODD,500,1.00E-04,2000000,70,4.044
ODD,500,1.00E-04,2000000,38,4.02
ODD,500,1.00E-04,3000000,141,3.996
ODD,500,1.00E-04,3000000,61,4.016
ODD,500,1.00E-04,3000000,28,4.178
ODD,500,1.00E-04,3000000,123,3.91
ODD,500,1.00E-04,3000000,98,3.966
ODD,1000,1.00E-04,1000000,71,3.844
ODD,1000,1.00E-04,1000000,178,3.601
ODD,1000,1.00E-04,1000000,12,4.091
ODD,1000,1.00E-04,1000000,94,3.782
ODD,1000,1.00E-04,1000000,14,4.11
ODD,1000,1.00E-04,2000000,136,3.842
ODD,1000,1.00E-04,2000000,151,3.791
ODD,1000,1.00E-04,2000000,175,3.772
ODD,1000,1.00E-04,2000000,403,3.509
ODD,1000,1.00E-04,2000000,9,4.201
ODD,1000,1.00E-04,3000000,248,3.797
ODD,1000,1.00E-04,3000000,37,4.076
ODD,1000,1.00E-04,3000000,262,3.778
ODD,1000,1.00E-04,3000000,66,4.116
ODD,1000,1.00E-04,3000000,265,3.808
ODD,1500,1.00E-04,1000000,88,3.804666667
ODD,1500,1.00E-04,1000000,58,3.812
ODD,1500,1.00E-04,1000000,46,3.9
ODD,1500,1.00E-04,1000000,68,3.814
ODD,1500,1.00E-04,1000000,3,4.316
ODD,1500,1.00E-04,2000000,6,5.394666667
ODD,1500,1.00E-04,2000000,164,3.802
ODD,1500,1.00E-04,2000000,156,3.826
ODD,1500,1.00E-04,2000000,6,4.713333333
ODD,1500,1.00E-04,2000000,368,3.287333333
ODD,1500,1.00E-04,3000000,26,4.206666667
ODD,1500,1.00E-04,3000000,251,3.802
ODD,1500,1.00E-04,3000000,634,3.198
ODD,1500,1.00E-04,3000000,216,3.782666667
ODD,1500,1.00E-04,3000000,61,4.019333333
ODD,2000,1.00E-04,1000000,227,3.043
ODD,2000,1.00E-04,1000000,6,4.1725
ODD,2000,1.00E-04,1000000,96,3.785
ODD,2000,1.00E-04,1000000,158,3.277
ODD,2000,1.00E-04,1000000,88,3.8075
ODD,2000,1.00E-04,2000000,313,3.356
ODD,2000,1.00E-04,2000000,145,3.8435
ODD,2000,1.00E-04,2000000,167,3.7935
ODD,2000,1.00E-04,2000000,468,3.062
ODD,2000,1.00E-04,2000000,161,3.7955
ODD,2000,1.00E-04,3000000,255,3.7875
ODD,2000,1.00E-04,3000000,212,3.8165
ODD,2000,1.00E-04,3000000,117,4.0045
ODD,2000,1.00E-04,3000000,251,3.81
ODD,2000,1.00E-04,3000000,538,3.426
ODD,100,0.001,1000000,588,3.48
ODD,100,0.001,1000000,352,3.77
ODD,100,0.001,1000000,1000,3.33
ODD,100,0.001,1000000,294,3.84
ODD,100,0.001,1000000,175,4.02
ODD,100,0.001,2000000,637,3.77
ODD,100,0.001,2000000,1018,3.5
ODD,100,0.001,2000000,511,3.88
ODD,100,0.001,2000000,71,4.63
ODD,100,0.001,2000000,683,3.69
ODD,100,0.001,3000000,822,3.83
ODD,100,0.001,3000000,1251,3.7
ODD,100,0.001,3000000,2792,3.25
ODD,100,0.001,3000000,402,3.99
ODD,100,0.001,3000000,500,3.94
ODD,500,0.001,1000000,14,4.784
ODD,500,0.001,1000000,502,3.58
ODD,500,0.001,1000000,291,3.87
ODD,500,0.001,1000000,647,3.424
ODD,500,0.001,1000000,24,4.262
ODD,500,0.001,2000000,679,3.794
ODD,500,0.001,2000000,321,4.01
ODD,500,0.001,2000000,224,4.008
ODD,500,0.001,2000000,695,3.8
ODD,500,0.001,2000000,762,3.762
ODD,500,0.001,3000000,2112,3.34
ODD,500,0.001,3000000,931,3.826
ODD,500,0.001,3000000,1818,3.43
ODD,500,0.001,3000000,821,3.852
ODD,500,0.001,3000000,3,4.938
ODD,1000,0.001,1000000,844,3.39
ODD,1000,0.001,1000000,1057,3.073
ODD,1000,0.001,1000000,257,3.841
ODD,1000,0.001,1000000,35,4.209
ODD,1000,0.001,1000000,355,3.802
ODD,1000,0.001,2000000,689,3.81
ODD,1000,0.001,2000000,1868,3.208
ODD,1000,0.001,2000000,633,3.802
ODD,1000,0.001,2000000,19,4.829
ODD,1000,0.001,2000000,650,3.813
ODD,1000,0.001,3000000,330,4.044
ODD,1000,0.001,3000000,910,3.835
ODD,1000,0.001,3000000,588,3.885
ODD,1000,0.001,3000000,884,3.83
ODD,1000,0.001,3000000,1183,3.751
ODD,1500,0.001,1000000,1350,3.340666667
ODD,1500,0.001,1000000,311,3.803333333
ODD,1500,0.001,1000000,317,3.812
ODD,1500,0.001,1000000,196,3.905333333
ODD,1500,0.001,1000000,26,4.186
ODD,1500,0.001,2000000,686,3.802
ODD,1500,0.001,2000000,954,3.605333333
ODD,1500,0.001,2000000,154,4.134666667
ODD,1500,0.001,2000000,634,3.805333333
ODD,1500,0.001,2000000,7,4.863333333
ODD,1500,0.001,3000000,319,4.01
ODD,1500,0.001,3000000,111,4.177333333
ODD,1500,0.001,3000000,979,3.796666667
ODD,1500,0.001,3000000,1034,3.795333333
ODD,1500,0.001,3000000,875,3.801333333
ODD,2000,0.001,1000000,645,3.4385
ODD,2000,0.001,1000000,300,3.798
ODD,2000,0.001,1000000,5,4.408
ODD,2000,0.001,1000000,286,3.799
ODD,2000,0.001,1000000,37,4.1995
ODD,2000,0.001,2000000,180,4.0025
ODD,2000,0.001,2000000,661,3.819
ODD,2000,0.001,2000000,612,3.794
ODD,2000,0.001,2000000,45,4.272
ODD,2000,0.001,2000000,662,3.8115
ODD,2000,0.001,3000000,1009,3.758
ODD,2000,0.001,3000000,629,3.904
ODD,2000,0.001,3000000,439,3.9425
ODD,2000,0.001,3000000,973,3.7925
ODD,2000,0.001,3000000,15,4.8905
ODD,100,0.01,1000000,3104,3.82
ODD,100,0.01,1000000,257,4.2
ODD,100,0.01,1000000,3176,3.83
ODD,100,0.01,1000000,5629,3.36
ODD,100,0.01,1000000,873,4.16
ODD,100,0.01,2000000,7326,3.75
ODD,100,0.01,2000000,9687,3.52
ODD,100,0.01,2000000,6532,3.82
ODD,100,0.01,2000000,260,4.8
ODD,100,0.01,2000000,14483,3.42
ODD,100,0.01,3000000,11163,3.77
ODD,100,0.01,3000000,2128,4.15
ODD,100,0.01,3000000,2900,4.08
ODD,100,0.01,3000000,4550,3.89
ODD,100,0.01,3000000,1830,4.12
ODD,500,0.01,1000000,361,4.202
ODD,500,0.01,1000000,3732,3.78
ODD,500,0.01,1000000,802,4.024
ODD,500,0.01,1000000,4276,3.684
ODD,500,0.01,1000000,390,4.224
ODD,500,0.01,2000000,7435,3.776
ODD,500,0.01,2000000,14885,3.234
ODD,500,0.01,2000000,7295,3.776
ODD,500,0.01,2000000,763,4.206
ODD,500,0.01,2000000,18809,2.82
ODD,500,0.01,3000000,311,4.914
ODD,500,0.01,3000000,20298,3.174
ODD,500,0.01,3000000,15338,3.524
ODD,500,0.01,3000000,5280,3.938
ODD,500,0.01,3000000,2391,4.552
ODD,1000,0.01,1000000,496,4.313
ODD,1000,0.01,1000000,1886,3.902
ODD,1000,0.01,1000000,8500,3.296
ODD,1000,0.01,1000000,742,4.051
ODD,1000,0.01,1000000,3738,3.789
ODD,1000,0.01,2000000,6300,3.838
ODD,1000,0.01,2000000,7205,3.777
ODD,1000,0.01,2000000,1582,4.007
ODD,1000,0.01,2000000,7390,3.816
ODD,1000,0.01,2000000,7133,3.798
ODD,1000,0.01,3000000,606,4.217
ODD,1000,0.01,3000000,11257,3.795
ODD,1000,0.01,3000000,11466,3.759
ODD,1000,0.01,3000000,9635,3.831
ODD,1000,0.01,3000000,10734,3.804
ODD,1500,0.01,1000000,8902,3.251333333
ODD,1500,0.01,1000000,3841,3.772666667
ODD,1500,0.01,1000000,3627,3.79
ODD,1500,0.01,1000000,808,4.002
ODD,1500,0.01,1000000,3405,3.805333333
ODD,1500,0.01,2000000,13800,3.348666667
ODD,1500,0.01,2000000,457,4.218
ODD,1500,0.01,2000000,7051,3.804
ODD,1500,0.01,2000000,2714,3.910666667
ODD,1500,0.01,2000000,6922,3.804
ODD,1500,0.01,3000000,10965,3.796666667
ODD,1500,0.01,3000000,231,5.434666667
ODD,1500,0.01,3000000,1087,4.174
ODD,1500,0.01,3000000,1304,4.180666667
ODD,1500,0.01,3000000,10931,3.796
ODD,2000,0.01,1000000,3561,3.7925
ODD,2000,0.01,1000000,3505,3.798
ODD,2000,0.01,1000000,1055,3.9915
ODD,2000,0.01,1000000,253,4.197
ODD,2000,0.01,1000000,3852,3.6115
ODD,2000,0.01,2000000,7583,3.787
ODD,2000,0.01,2000000,1592,4.0115
ODD,2000,0.01,2000000,6523,3.8335
ODD,2000,0.01,2000000,7546,3.7815
ODD,2000,0.01,2000000,7243,3.782
ODD,2000,0.01,3000000,10072,3.8225
ODD,2000,0.01,3000000,923,4.182
ODD,2000,0.01,3000000,10997,3.785
ODD,2000,0.01,3000000,11004,3.8
ODD,2000,0.01,3000000,9523,3.8335
ODD,100,0.05,1000000,4931,4.16
ODD,100,0.05,1000000,17949,3.75
ODD,100,0.05,1000000,10403,3.91
ODD,100,0.05,1000000,43204,3.11
ODD,100,0.05,1000000,11910,3.73
ODD,100,0.05,2000000,23669,3.89
ODD,100,0.05,2000000,13686,3.96
ODD,100,0.05,2000000,23507,3.91
ODD,100,0.05,2000000,19615,3.88
ODD,100,0.05,2000000,32088,3.78
ODD,100,0.05,3000000,16513,3.98
ODD,100,0.05,3000000,61006,3.54
ODD,100,0.05,3000000,15996,4.07
ODD,100,0.05,3000000,14219,4.13
ODD,100,0.05,3000000,10303,4.16
ODD,500,0.05,1000000,16021,3.788
ODD,500,0.05,1000000,5245,4.08
ODD,500,0.05,1000000,9087,3.892
ODD,500,0.05,1000000,15319,3.784
ODD,500,0.05,1000000,14532,3.866
ODD,500,0.05,2000000,21745,3.788
ODD,500,0.05,2000000,68234,3.292
ODD,500,0.05,2000000,29064,3.826
ODD,500,0.05,2000000,32093,3.75
ODD,500,0.05,2000000,31243,3.804
ODD,500,0.05,3000000,112161,3.35
ODD,500,0.05,3000000,42447,3.856
ODD,500,0.05,3000000,50970,3.588
ODD,500,0.05,3000000,46520,3.802
ODD,500,0.05,3000000,111680,3.116
ODD,1000,0.05,1000000,32013,3.272
ODD,1000,0.05,1000000,13193,3.782
ODD,1000,0.05,1000000,7623,3.926
ODD,1000,0.05,1000000,15109,3.797
ODD,1000,0.05,1000000,15521,3.789
ODD,1000,0.05,2000000,18387,3.928
ODD,1000,0.05,2000000,29054,3.814
ODD,1000,0.05,2000000,32594,3.772
ODD,1000,0.05,2000000,32541,3.786
ODD,1000,0.05,2000000,28472,3.842
ODD,1000,0.05,3000000,44055,3.797
ODD,1000,0.05,3000000,47619,3.772
ODD,1000,0.05,3000000,35963,3.759
ODD,1000,0.05,3000000,28634,3.975
ODD,1000,0.05,3000000,44117,3.827
ODD,1500,0.05,1000000,14838,3.804666667
ODD,1500,0.05,1000000,31921,3.476666667
ODD,1500,0.05,1000000,22670,3.484666667
ODD,1500,0.05,1000000,15980,3.784666667
ODD,1500,0.05,1000000,10213,3.842666667
ODD,1500,0.05,2000000,6113,4.184666667
ODD,1500,0.05,2000000,6365,4.184666667
ODD,1500,0.05,2000000,32207,3.78
ODD,1500,0.05,2000000,31769,3.778666667
ODD,1500,0.05,2000000,58690,3.420666667
ODD,1500,0.05,3000000,8979,4.348
ODD,1500,0.05,3000000,44443,3.822
ODD,1500,0.05,3000000,9684,4.177333333
ODD,1500,0.05,3000000,8352,4.312666667
ODD,1500,0.05,3000000,46406,3.803333333
ODD,2000,0.05,1000000,34092,3.1455
ODD,2000,0.05,1000000,6127,3.954
ODD,2000,0.05,1000000,16138,3.7785
ODD,2000,0.05,1000000,34642,3.2345
ODD,2000,0.05,1000000,40501,3.1465
ODD,2000,0.05,2000000,29924,3.8155
ODD,2000,0.05,2000000,33149,3.7635
ODD,2000,0.05,2000000,63805,3.3315
ODD,2000,0.05,2000000,12530,4.1075
ODD,2000,0.05,2000000,33172,3.608
ODD,2000,0.05,3000000,9401,4.1815
ODD,2000,0.05,3000000,83643,3.4555
ODD,2000,0.05,3000000,46818,3.793
ODD,2000,0.05,3000000,46585,3.7925
ODD,2000,0.05,3000000,44128,3.8095
PERIODIC,100,1.00E-04,1000000,50003,3.78
PERIODIC,100,1.00E-04,1000000,50203,3.79
PERIODIC,100,1.00E-04,1000000,50082,3.38
PERIODIC,100,1.00E-04,1000000,49682,3.82
PERIODIC,100,1.00E-04,1000000,49582,3.9
PERIODIC,100,1.00E-04,2000000,100053,4.23
PERIODIC,100,1.00E-04,2000000,100295,4.04
PERIODIC,100,1.00E-04,2000000,100485,3.47
PERIODIC,100,1.00E-04,2000000,100267,4.17
PERIODIC,100,1.00E-04,2000000,99977,3.75
PERIODIC,100,1.00E-04,3000000,149575,3.33
PERIODIC,100,1.00E-04,3000000,150559,3.71
PERIODIC,100,1.00E-04,3000000,150224,3.82
PERIODIC,100,1.00E-04,3000000,149986,4.03
PERIODIC,100,1.00E-04,3000000,149999,3.91
PERIODIC,500,1.00E-04,1000000,50082,3.904
PERIODIC,500,1.00E-04,1000000,49820,3.922
PERIODIC,500,1.00E-04,1000000,50046,5.016
PERIODIC,500,1.00E-04,1000000,49975,3.82
PERIODIC,500,1.00E-04,1000000,49954,3.792
PERIODIC,500,1.00E-04,2000000,99921,4.124
PERIODIC,500,1.00E-04,2000000,99571,3.826
PERIODIC,500,1.00E-04,2000000,99975,3.748
PERIODIC,500,1.00E-04,2000000,99949,3.274
PERIODIC,500,1.00E-04,2000000,100011,3.866
PERIODIC,500,1.00E-04,3000000,150516,4.752
PERIODIC,500,1.00E-04,3000000,150257,3.802
PERIODIC,500,1.00E-04,3000000,150684,4.31
PERIODIC,500,1.00E-04,3000000,150098,4.016
PERIODIC,500,1.00E-04,3000000,150705,3.84
PERIODIC,1000,1.00E-04,1000000,50281,3.431
PERIODIC,1000,1.00E-04,1000000,50052,3.782
PERIODIC,1000,1.00E-04,1000000,50014,3.806
PERIODIC,1000,1.00E-04,1000000,49987,3.6
PERIODIC,1000,1.00E-04,1000000,50215,3.797
PERIODIC,1000,1.00E-04,2000000,100283,3.937
PERIODIC,1000,1.00E-04,2000000,99978,3.322
PERIODIC,1000,1.00E-04,2000000,99585,3.539
PERIODIC,1000,1.00E-04,2000000,100069,3.79
PERIODIC,1000,1.00E-04,2000000,100444,4.103
PERIODIC,1000,1.00E-04,3000000,149614,3.12
PERIODIC,1000,1.00E-04,3000000,149288,3.808
PERIODIC,1000,1.00E-04,3000000,149417,3.242
PERIODIC,1000,1.00E-04,3000000,149968,3.802
PERIODIC,1000,1.00E-04,3000000,150518,3.188
PERIODIC,1500,1.00E-04,1000000,49963,3.791333333
PERIODIC,1500,1.00E-04,1000000,49806,3.817333333
PERIODIC,1500,1.00E-04,1000000,50024,4.303333333
PERIODIC,1500,1.00E-04,1000000,49946,4.822
PERIODIC,1500,1.00E-04,1000000,50194,6.107333333
PERIODIC,1500,1.00E-04,2000000,100115,3.798
PERIODIC,1500,1.00E-04,2000000,100335,3.800666667
PERIODIC,1500,1.00E-04,2000000,100607,3.412
PERIODIC,1500,1.00E-04,2000000,99833,3.810666667
PERIODIC,1500,1.00E-04,2000000,99994,3.948
PERIODIC,1500,1.00E-04,3000000,150640,3.827333333
PERIODIC,1500,1.00E-04,3000000,149748,3.8
PERIODIC,1500,1.00E-04,3000000,149863,3.796
PERIODIC,1500,1.00E-04,3000000,150190,4.214
PERIODIC,1500,1.00E-04,3000000,150505,3.832666667
PERIODIC,2000,1.00E-04,1000000,50453,3.803
PERIODIC,2000,1.00E-04,1000000,49899,4.1875
PERIODIC,2000,1.00E-04,1000000,50435,3.7935
PERIODIC,2000,1.00E-04,1000000,50059,3.7865
PERIODIC,2000,1.00E-04,1000000,49580,3.791
PERIODIC,2000,1.00E-04,2000000,99979,3.782
PERIODIC,2000,1.00E-04,2000000,100143,4.187
PERIODIC,2000,1.00E-04,2000000,100532,3.6015
PERIODIC,2000,1.00E-04,2000000,100279,3.8015
PERIODIC,2000,1.00E-04,2000000,100313,3.817
PERIODIC,2000,1.00E-04,3000000,149857,3.767
PERIODIC,2000,1.00E-04,3000000,149506,4.189
PERIODIC,2000,1.00E-04,3000000,150032,3.7895
PERIODIC,2000,1.00E-04,3000000,150566,3.462
PERIODIC,2000,1.00E-04,3000000,149864,4.9485
PERIODIC,100,0.001,1000000,50296,3.46
PERIODIC,100,0.001,1000000,50224,3.82
PERIODIC,100,0.001,1000000,49948,3.8
PERIODIC,100,0.001,1000000,49711,3.44
PERIODIC,100,0.001,1000000,50116,3.92
PERIODIC,100,0.001,2000000,100524,4.09
PERIODIC,100,0.001,2000000,100167,4.76
PERIODIC,100,0.001,2000000,100445,3.72
PERIODIC,100,0.001,2000000,99821,3.41
PERIODIC,100,0.001,2000000,100461,3.8
PERIODIC,100,0.001,3000000,150671,4.04
PERIODIC,100,0.001,3000000,150437,3.95
PERIODIC,100,0.001,3000000,149782,3.76
PERIODIC,100,0.001,3000000,149420,3.83
PERIODIC,100,0.001,3000000,149955,3.79
PERIODIC,500,0.001,1000000,49757,3.292
PERIODIC,500,0.001,1000000,50392,3.806
PERIODIC,500,0.001,1000000,50276,3.786
PERIODIC,500,0.001,1000000,50339,3.802
PERIODIC,500,0.001,1000000,50314,4.182
PERIODIC,500,0.001,2000000,100715,3.784
PERIODIC,500,0.001,2000000,100550,4.034
PERIODIC,500,0.001,2000000,100262,3.778
PERIODIC,500,0.001,2000000,100480,4.194
PERIODIC,500,0.001,2000000,99962,3.8
PERIODIC,500,0.001,3000000,150259,3.798
PERIODIC,500,0.001,3000000,150134,4.186
PERIODIC,500,0.001,3000000,150054,4.174
PERIODIC,500,0.001,3000000,149747,3.828
PERIODIC,500,0.001,3000000,149534,3.006
PERIODIC,1000,0.001,1000000,49740,3.346
PERIODIC,1000,0.001,1000000,49903,3.758
PERIODIC,1000,0.001,1000000,49912,3.707
PERIODIC,1000,0.001,1000000,50094,4.108
PERIODIC,1000,0.001,1000000,50010,3.18
PERIODIC,1000,0.001,2000000,99971,3.791
PERIODIC,1000,0.001,2000000,99778,4.893
PERIODIC,1000,0.001,2000000,100150,4.28
PERIODIC,1000,0.001,2000000,100295,3.443
PERIODIC,1000,0.001,2000000,100043,3.489
PERIODIC,1000,0.001,3000000,150035,3.791
PERIODIC,1000,0.001,3000000,150170,3.737
PERIODIC,1000,0.001,3000000,150924,3.177
PERIODIC,1000,0.001,3000000,149968,3.796
PERIODIC,1000,0.001,3000000,150108,4.171
PERIODIC,1500,0.001,1000000,50007,3.771333333
PERIODIC,1500,0.001,1000000,50047,3.81
PERIODIC,1500,0.001,1000000,49622,3.795333333
PERIODIC,1500,0.001,1000000,50372,4.004
PERIODIC,1500,0.001,1000000,49937,4.216666667
PERIODIC,1500,0.001,2000000,100207,4.022666667
PERIODIC,1500,0.001,2000000,99763,3.213333333
PERIODIC,1500,0.001,2000000,99885,3.351333333
PERIODIC,1500,0.001,2000000,100004,4.246
PERIODIC,1500,0.001,2000000,100104,3.238
PERIODIC,1500,0.001,3000000,150074,4.187333333
PERIODIC,1500,0.001,3000000,149730,3.994666667
PERIODIC,1500,0.001,3000000,150039,3.372
PERIODIC,1500,0.001,3000000,150641,3.786666667
PERIODIC,1500,0.001,3000000,149346,3.791333333
PERIODIC,2000,0.001,1000000,50001,3.445
PERIODIC,2000,0.001,1000000,50218,3.7975
PERIODIC,2000,0.001,1000000,49814,3.806
PERIODIC,2000,0.001,1000000,49986,4.1875
PERIODIC,2000,0.001,1000000,49937,3.8245
PERIODIC,2000,0.001,2000000,99865,3.786
PERIODIC,2000,0.001,2000000,100180,3.802
PERIODIC,2000,0.001,2000000,99428,5.2025
PERIODIC,2000,0.001,2000000,100282,3.7875
PERIODIC,2000,0.001,2000000,99488,3.7775
PERIODIC,2000,0.001,3000000,149351,3.7255
PERIODIC,2000,0.001,3000000,150106,3.787
PERIODIC,2000,0.001,3000000,150659,3.801
PERIODIC,2000,0.001,3000000,149941,4.211
PERIODIC,2000,0.001,3000000,149767,4.8065
PERIODIC,100,0.01,1000000,50128,4.27
PERIODIC,100,0.01,1000000,50197,3.29
PERIODIC,100,0.01,1000000,50345,3.75
PERIODIC,100,0.01,1000000,50222,3.99
PERIODIC,100,0.01,1000000,50146,4.17
PERIODIC,100,0.01,2000000,99634,4.03
PERIODIC,100,0.01,2000000,100116,3.77
PERIODIC,100,0.01,2000000,99485,4.02
PERIODIC,100,0.01,2000000,100296,3.53
PERIODIC,100,0.01,2000000,100567,3.35
PERIODIC,100,0.01,3000000,149870,4.97
PERIODIC,100,0.01,3000000,150138,3.97
PERIODIC,100,0.01,3000000,150006,4.13
PERIODIC,100,0.01,3000000,150003,4.23
PERIODIC,100,0.01,3000000,149820,5.34
PERIODIC,500,0.01,1000000,49614,3.786
PERIODIC,500,0.01,1000000,50026,3.89
PERIODIC,500,0.01,1000000,50191,3.364
PERIODIC,500,0.01,1000000,49835,4.098
PERIODIC,500,0.01,1000000,50274,3.43
PERIODIC,500,0.01,2000000,99726,3.754
PERIODIC,500,0.01,2000000,100627,3.818
PERIODIC,500,0.01,2000000,99560,3.82
PERIODIC,500,0.01,2000000,100125,3.766
PERIODIC,500,0.01,2000000,100022,4.054
PERIODIC,500,0.01,3000000,149671,3.462
PERIODIC,500,0.01,3000000,150119,3.71
PERIODIC,500,0.01,3000000,149785,3.826
PERIODIC,500,0.01,3000000,150363,4.112
PERIODIC,500,0.01,3000000,150062,3.358
PERIODIC,1000,0.01,1000000,50017,4.168
PERIODIC,1000,0.01,1000000,50033,3.231
PERIODIC,1000,0.01,1000000,50396,3.254
PERIODIC,1000,0.01,1000000,50110,3.818
PERIODIC,1000,0.01,1000000,50058,3.453
PERIODIC,1000,0.01,2000000,100242,4.606
PERIODIC,1000,0.01,2000000,100338,3.978
PERIODIC,1000,0.01,2000000,99567,3.84
PERIODIC,1000,0.01,2000000,99745,3.807
PERIODIC,1000,0.01,2000000,100002,3.794
PERIODIC,1000,0.01,3000000,149936,3.784
PERIODIC,1000,0.01,3000000,149865,3.786
PERIODIC,1000,0.01,3000000,150659,3.77
PERIODIC,1000,0.01,3000000,150018,3.809
PERIODIC,1000,0.01,3000000,150159,3.658
PERIODIC,1500,0.01,1000000,49877,3.813333333
PERIODIC,1500,0.01,1000000,50154,3.542
PERIODIC,1500,0.01,1000000,49739,3.434
PERIODIC,1500,0.01,1000000,49964,3.914
PERIODIC,1500,0.01,1000000,49630,3.118666667
PERIODIC,1500,0.01,2000000,100186,3.809333333
PERIODIC,1500,0.01,2000000,99958,4.206
PERIODIC,1500,0.01,2000000,99904,4.489333333
PERIODIC,1500,0.01,2000000,99868,3.038666667
PERIODIC,1500,0.01,2000000,100266,3.821333333
PERIODIC,1500,0.01,3000000,150096,3.810666667
PERIODIC,1500,0.01,3000000,150190,3.800666667
PERIODIC,1500,0.01,3000000,149691,3.062
PERIODIC,1500,0.01,3000000,150287,3.076666667
PERIODIC,1500,0.01,3000000,150285,3.803333333
PERIODIC,2000,0.01,1000000,49578,3.808
PERIODIC,2000,0.01,1000000,50310,3.789
PERIODIC,2000,0.01,1000000,49889,4.1905
PERIODIC,2000,0.01,1000000,49760,4.5555
PERIODIC,2000,0.01,1000000,50095,3.805
PERIODIC,2000,0.01,2000000,100025,3.789
PERIODIC,2000,0.01,2000000,100659,3.3665
PERIODIC,2000,0.01,2000000,100116,3.916
PERIODIC,2000,0.01,2000000,100152,3.788
PERIODIC,2000,0.01,2000000,100358,4.301
PERIODIC,2000,0.01,3000000,149583,3.7915
PERIODIC,2000,0.01,3000000,150347,3.797
PERIODIC,2000,0.01,3000000,150012,3.328
PERIODIC,2000,0.01,3000000,150336,4.2245
PERIODIC,2000,0.01,3000000,149970,3.804
PERIODIC,100,0.05,1000000,50204,3.5
PERIODIC,100,0.05,1000000,50230,3.77
PERIODIC,100,0.05,1000000,50067,3.7
PERIODIC,100,0.05,1000000,50116,3.23
PERIODIC,100,0.05,1000000,49919,3.81
PERIODIC,100,0.05,2000000,100072,4.15
PERIODIC,100,0.05,2000000,99950,4.19
PERIODIC,100,0.05,2000000,100017,3.89
PERIODIC,100,0.05,2000000,100735,3.74
PERIODIC,100,0.05,2000000,100397,3.86
PERIODIC,100,0.05,3000000,150450,3.78
PERIODIC,100,0.05,3000000,149444,4.27
PERIODIC,100,0.05,3000000,150005,3.86
PERIODIC,100,0.05,3000000,150335,3.78
PERIODIC,100,0.05,3000000,150468,3.12
PERIODIC,500,0.05,1000000,50177,3.78
PERIODIC,500,0.05,1000000,50229,3.924
PERIODIC,500,0.05,1000000,49831,4.122
PERIODIC,500,0.05,1000000,50168,3.914
PERIODIC,500,0.05,1000000,50171,3.798
PERIODIC,500,0.05,2000000,99722,3.8
PERIODIC,500,0.05,2000000,99910,3.988
PERIODIC,500,0.05,2000000,100102,3.766
PERIODIC,500,0.05,2000000,100343,3.772
PERIODIC,500,0.05,2000000,99957,4.278
PERIODIC,500,0.05,3000000,150481,3.83
PERIODIC,500,0.05,3000000,150112,4.156
PERIODIC,500,0.05,3000000,150509,3.27
PERIODIC,500,0.05,3000000,150379,3.812
PERIODIC,500,0.05,3000000,150110,4.154
PERIODIC,1000,0.05,1000000,50297,3.795
PERIODIC,1000,0.05,1000000,49940,4.167
PERIODIC,1000,0.05,1000000,50272,3.821
PERIODIC,1000,0.05,1000000,50283,4.017
PERIODIC,1000,0.05,1000000,50414,3.272
PERIODIC,1000,0.05,2000000,100009,4.711
PERIODIC,1000,0.05,2000000,99691,3.795
PERIODIC,1000,0.05,2000000,100091,3.757
PERIODIC,1000,0.05,2000000,100674,3.793
PERIODIC,1000,0.05,2000000,99908,3.64
PERIODIC,1000,0.05,3000000,150291,3.601
PERIODIC,1000,0.05,3000000,149911,3.812
PERIODIC,1000,0.05,3000000,150046,3.787
PERIODIC,1000,0.05,3000000,150121,3.802
PERIODIC,1000,0.05,3000000,150219,4.197
PERIODIC,1500,0.05,1000000,50461,4.258
PERIODIC,1500,0.05,1000000,50362,3.769333333
PERIODIC,1500,0.05,1000000,50239,4.896666667
PERIODIC,1500,0.05,1000000,50112,3.802666667
PERIODIC,1500,0.05,1000000,49993,4.200666667
PERIODIC,1500,0.05,2000000,100100,3.822
PERIODIC,1500,0.05,2000000,99681,3.772666667
PERIODIC,1500,0.05,2000000,99705,4.12
PERIODIC,1500,0.05,2000000,100153,3.777333333
PERIODIC,1500,0.05,2000000,100016,3.784666667
PERIODIC,1500,0.05,3000000,150522,3.790666667
PERIODIC,1500,0.05,3000000,150578,3.809333333
PERIODIC,1500,0.05,3000000,150030,4.007333333
PERIODIC,1500,0.05,3000000,149936,3.824
PERIODIC,1500,0.05,3000000,149782,4.142
PERIODIC,2000,0.05,1000000,49790,3.791
PERIODIC,2000,0.05,1000000,49848,3.9605
PERIODIC,2000,0.05,1000000,50282,3.8015
PERIODIC,2000,0.05,1000000,49967,3.802
PERIODIC,2000,0.05,1000000,49925,3.8055
PERIODIC,2000,0.05,2000000,100133,4.0005
PERIODIC,2000,0.05,2000000,100139,4.071
PERIODIC,2000,0.05,2000000,100706,3.13
PERIODIC,2000,0.05,2000000,100105,3.823
PERIODIC,2000,0.05,2000000,99792,3.7995
PERIODIC,2000,0.05,3000000,150556,3.4645
PERIODIC,2000,0.05,3000000,149332,3.8205
PERIODIC,2000,0.05,3000000,149930,3.818
PERIODIC,2000,0.05,3000000,150310,4.054
PERIODIC,2000,0.05,3000000,151006,3.334
